<annotation>
  <filename>405.jpg</filename>
  <size>
    <width>224</width>
    <height>224</height>
    <depth>3</depth>
  </size>
  <segmented>0</segmented>
  <object>
    <name>LTR_H</name>
    <truncated>0</truncated>
    <difficult>0</difficult>
    <occluded>0</occluded>
    <bndbox>
      <xmin>106</xmin>
      <ymin>31</ymin>
      <xmax>204</xmax>
      <ymax>150</ymax>
    </bndbox>
  </object>
<folder>LTR_H</folder><path>./dataset/DAMMY_FORMATTED/images/LTR_H/405.jpg</path></annotation>