<annotation>
  <filename>525.jpg</filename>
  <size>
    <width>224</width>
    <height>224</height>
    <depth>3</depth>
  </size>
  <segmented>0</segmented>
  <object>
    <name>LTR_H</name>
    <truncated>0</truncated>
    <difficult>0</difficult>
    <occluded>0</occluded>
    <bndbox>
      <xmin>63</xmin>
      <ymin>16</ymin>
      <xmax>190</xmax>
      <ymax>167</ymax>
    </bndbox>
  </object>
<folder>LTR_H</folder><path>./dataset/DAMMY_FORMATTED/images/LTR_H/525.jpg</path></annotation>